https://careerviet.vn/vi/tim-viec-lam/nhan-vien-kho-cap-bac-to-truong-lam-ca.35C26938.html,https://images.careerviet.vn/employer_folders/lot4/312284/155x155/103252lego_logo_rgb.png
https://careerviet.vn/vi/tim-viec-lam/nhan-vien-kho-lai-xe-nang-lam-ca.35C2693A.html,https://images.careerviet.vn/employer_folders/lot4/312284/155x155/103252lego_logo_rgb.png
https://careerviet.vn/vi/tim-viec-lam/warehouse-system-specialist-shift-working.35C2693B.html,https://images.careerviet.vn/employer_folders/lot4/312284/155x155/103252lego_logo_rgb.png
https://careerviet.vn/vi/tim-viec-lam/warehouse-admin-specialist.35C2693D.html,https://images.careerviet.vn/employer_folders/lot4/312284/155x155/103252lego_logo_rgb.png
https://careerviet.vn/vi/tim-viec-lam/chuyen-vien-chinh-thu-hut-nhan-tai.35C26939.html,https://images.careerviet.vn/employer_folders/lot0/224600/155x155/141945logoptf-01.jpg
https://careerviet.vn/vi/tim-viec-lam/tro-ly-hanh-chinh-san-xuat.35C26937.html,https://images.careerviet.vn/employer_folders/lot4/312284/155x155/103252lego_logo_rgb.png
https://careerviet.vn/vi/tim-viec-lam/urgent-customer-service-specialist-customs-and-trucking-hcm.35C26934.html,https://images.careerviet.vn/employer_folders/lot1/301601/155x155/110907dsvlogo-globaltransport.jpg
https://careerviet.vn/vi/tim-viec-lam/truong-bo-phan-kho-van.35C26933.html,https://images.careerviet.vn/employer_folders/lot9/317689/155x155/85117logothucphamcuocsong.jpg
https://careerviet.vn/vi/tim-viec-lam/truong-phong-ky-thuat.35C2690F.html,https://images.careerviet.vn/employers/13555/155x155/140435z5247369938149_2dc0070c9cc0208b4d31e8ce46fdb9e9.jpg
https://careerviet.vn/vi/tim-viec-lam/ky-su-shop-drawing_lam-viec-tai-du-an-o-hai-phong.35C2691B.html,https://images.careerviet.vn/employer_folders/lot9/151329/155x155/94641logoddcfinal-01.png
https://careerviet.vn/vi/tim-viec-lam/chuyen-vien-quan-tri-van-hanh-ha-tang-vdi-system-admin-khoi-cong-nghe-thong-tin-ho24-316.35C26932.html,https://images.careerviet.vn/employer_folders/lot0/99440/155x155/134506mb-logo-main-01.png
https://careerviet.vn/vi/tim-viec-lam/it-devops.35C2692D.html,https://images.careerviet.vn/employer_folders/lot8/315268/155x155/112101logo.jpg
https://careerviet.vn/vi/tim-viec-lam/quan-ly-du-an.35C2692C.html,https://images.careerviet.vn/employer_folders/lot5/310435/155x155/134047z5241474011247_3b6383b38b5af017627a8871152712b6.jpg
https://careerviet.vn/vi/tim-viec-lam/tro-ly-giam-doc-du-an-tieng-trung-tai-hai-duong-luong-cao-phuc-loi-canh-tranh.35C2692B.html,https://images.careerviet.vn/employer_folders/lot6/249626/155x155/132208105409492_105374384564947_8313291022785879192_n.jpg
https://careerviet.vn/vi/tim-viec-lam/brand-marketing-executive.35C268D7.html,https://images.careerviet.vn/employer_folders/lot9/142739/155x155/143406logohgp-chuan-conen.jpg
https://careerviet.vn/vi/tim-viec-lam/eqg-senior-investment-analyst.35C264F1.html,https://images.careerviet.vn/employer_folders/lot0/156960/155x155/150005equestgroup.png
https://careerviet.vn/vi/tim-viec-lam/g5-bsv-nhan-vien-cham-soc-khach-hang-viettel-khong-yeu-cau-kinh-nghiem-xoay-ca.35C26926.html,https://images.careerviet.vn/employers/41421/155x155/92720logobsv.jpg
https://careerviet.vn/vi/tim-viec-lam/may-catering-truong-phong-kinh-doanh-nhan-vien-kinh-doanh.35C26922.html,https://images.careerviet.vn/employer_folders/lot0/156960/155x155/150005equestgroup.png
https://careerviet.vn/vi/tim-viec-lam/nhan-vientu-van-tuyen-sinh-education-consultant-quan-7-tp-hcm.35C26924.html,https://images.careerviet.vn/employer_folders/lot4/247024/155x155/122449logonew.png
https://careerviet.vn/vi/tim-viec-lam/account-executive-japan-quan-ly-che-tac-truyen-tranh-tieng-nhat.35C2691F.html,https://images.careerviet.vn/employer_folders/lot0/285330/155x155/134450logo.png